主要是房间非常好，协程定了还不到400的豪华间，还送了一水果盘。唯一不足的就是房间有点老。据说周边新开了个香格里拉，所以应该会有比较实惠的价格来吸引人的。	1
分为五栋单独的楼房，每个楼房住的级别是不一样的。我一开始是订的标准单人间，但是过去以后只有标准双人间了。服务一般，他们没有主动为客人升级，而是只给我了一间标准双人间。我自己改到了商务单人间，但烟味较重，而且还是被放在了我最不喜欢的上楼梯正对的第一间屋子。服务员还是比较热情的。	1
非常好的酒店，无论是服务、设施还是交通、位置等都很方便，很多客人都会指定来这个酒店	1
服务做的很好，是最近住的最为满意的酒店。不管是前台还是客房的服务都很满意。在很多细节方面做得很好！楼下有家韩国餐厅也不错，我去的时候因为是第一天开，还送了一道菜给我。送的菜比我点的东西还贵。第一次主动给酒店做点评，因为我觉得好酒店值得大家去住一下！	1
第一次预订这家酒店，开了有段时间，门面比较小，不过里边的房间还是比较大的。因为是替别人订的，进去看了以后觉得设施蛮齐全的，要的大床房的确很大很舒服，以后要订也会再订这家的。宾馆反馈2008年4月28日：非常感谢您的入住及您对我们的肯定，我们将为您以后的每一次入住提供更贴心的服务！期待您的入住！	1
酒店总体可以,出门交通不太方便，离市中心较远，房内设施有点旧,电视机太小且旧,配不上五星级。饮食酒店配套还可以，中式，西式，日式都有。要提的一点就是房间没有提供收费的卫生用品（如一次性毛巾，安全套，清洁洗液等），我打电话要安全套，酒店房间清洁阿姨跟一同童装束的人抢着送来，一问之下每个收费50元，也太贵了，难怪他们抢着送来，可能他们在赚外快，不知道酒店对这方面有没有管理。	1
1.收了包天的10元话费,却打不出电话;2.装牙刷的盒子是一个空盒子3.不提供购物袋	0
交通方便,靠近地铁站.我住的是单人间,房间内还套了个客厅,装修很新,对比其房价还是很实惠的.早餐品种较少,不过对于经济型酒店也就如此了.	1
室外游泳池没有很好保养，黑黑的，反而刹风景。	1
据说是当地最好的酒店了，挂三。我们住的豪标。优点：酒店环境尚可，房间大。缺点：离景区有25分钟左右路程，位置不佳，尤其想要在古镇看夜景的话不建议住这里。	1
这个酒店相对来说还是很不错的，隔音效果很好，服务也不错，硬件设施也相对不错，值得推荐。	1
本人是第一次去襄樊，记得那天到襄樊已经是10月3号凌晨三点多，我通过携程定的是10月3号的房，酒店不知道我这么早就到，当晚没有房间了，前台服务人员很热情，通过请示值班经理，后来将值班经理休息的房间腾出来给我住，也是一个大床间，房间很大。并且到4号凌晨退房，也没多收房价。房间里还有免费水果并且晚上回来床上还会放一朵玫瑰花，显得非常温馨。下次去襄樊我还会住那儿，因为性价比高，酒店能处处为客人着想。	1
非常一般的酒店，房里设施很旧，房间送餐竟然要加多50%的送餐费。总之找不到好的方面来说，有其他选择就不要去了	0
交通不便,自己没车的话比较麻烦,而且周围吃饭的地方很少很少......	1
的确像很多网友说的，硬件设施不错，但服务太差！只能有招待所的水平！前台小姐听不懂chickin是什么意思，没想法！因为我的信用卡不是国际卡，所以没有visa或master的标志，竟	1
山西去过没几次，但是感觉上最好的就是这个酒店。前台比较满意，浴室很干净。	1
最滥的酒店什么都不行。这种酒店千万别去。80年代的3星	0
是携程在驻马店的唯一签约酒店，感觉有这一个也足够了。据称是当地唯一一家四星酒店，感觉确实算是当地最好的酒店了，主楼的硬件还可以。地理位置对于自驾车来说，还算比较便利。给携程的价格也不错，是门市价的四点五折。以268的价格入住主楼，性价比挺高的。就是用网线还要花20元，有点小家子气。	1
此酒店比较小气，热水和空调有时间限制，就连酒店大厅也是如此，在旅行空闲时享受不到舒适的环境，每次回宾馆后都要进行很多次交涉，对于此事很是失望；不过值得表扬的是，服务态度相当不错，称得上五级水准。	1
临街的房间，特别的吵，晚上几乎无法睡觉。房间隔音不好，白天听到隔壁“嘿咻”的声音，晚上听到隔壁打呼噜，让人无法睡觉。	0
酒店硬件条件不错，服务也挺好，价格合适。只是当地风俗让我们有点受不了，晚上酒店有新人结婚，乐队一直在大门外演奏，异常吵闹。本来酒店身处安静之地的优点被全部破坏了。	1
很安静，周围环境不错。交通较便捷。但周围娱乐设施，或者饮食之处不多。	1
替朋友多次订过该酒店，挺不错的，唯一就是停车不方便，从青年大街进入停车场以及从停车场驶入青年大街都不太便利。	1
位置优越，出行方便。就是房间较小，床位较小，房间装修较旧，其他方面都不错。	1
不错的选择。房间整洁卫生、服务也不错，价格合理，交通便利。	1
上个周末去无锡，看了诸位网友的推荐，住的友谊，总体感觉不错。总体情况基本上前面的网友们都说到了，酒店的周边环境一般，当然和风景区不能比，也不能算嘈杂，一般的市区非繁华地段大抵如此。好在酒店弯在里面，所以基本上没什么影响。酒店边上有可的便利，稍远一点有乐购，交通也很方便。房间床比较硬，卫生间比较小，电脑病毒比较厉害，不过总体来说瑕不掩瑜。我们住的2号楼商务房，房间大而且干净，卫生间也很干净。酒店的服务态度非常好，check-in和check-out的速度也很快，特别值得一提的是中餐厅的菜很不错，至少很对我们的胃口，听边上的一位当地人说这边的无锡菜很地道。是一家性价比很高的酒店。	1
刚刚经历了在丽江丽王酒店的痛苦经历，来到这里我被酒店的服务感动了，这才是真正的酒店，我觉得像回到家里一样。唯一的缺点是租车太贵了。	1
环境不错,装修也挺新，但房间小了点，洗浴间与睡房之间是用工艺玻璃相隔的，人在里面洗澡，在睡房能若隐若现地看见。如果是情侣，那是相当的性感，看着情人若稳若现的裸体呼之欲出，极容易遐想连翩，继而鼻血横流，继而破门而入，继而……。但夫妻与子女同行，若三四岁以下还好，大了，就相当尴尬。唯有把孩子抓进被窝里讲地下党如何埋伏斗争的革命故事。	1
总体来说各项指标符合万豪的水准，况且遇上特价期，价格非常有吸引力，套房浴室的冲浪浴缸非常舒服，在外面玩了一天回来享受一下泡泡浴，既能缓解疲劳，还能滋润干燥的肌肤，当然泡泡浴露自带！地点稍微有点偏，打的有的司机不知道在哪，得告诉在航天桥才明白。游泳池不是在酒店内，是酒店借用旁边一个健身中心的，条件一般，开放时间倒是挺长的。房内大瓶的依云矿泉水只卖48，这个价格相比其他五星级酒店消费水平真的不贵哦！	1
该酒店环境和服务还有待提高，总体性价比还算挺高！	1
8月2号本来8点首都机场港龙航班，因奥运空中管制9点半才起飞，哈根达斯很好吃，早餐没有的，A/C/H/K才是靠窗座位，12点半抵达香港机场，乘酒店巴士从机场到丽都，70元/人，90分钟，CHECKIN很快很好，押金300元/晚，人民币也可以，住1815，虽是有烟层，根本闻不到烟味，大床很宽敞，我180CM，老婆171CM，躺上去一点不挤，卫生间也很满意，打扫房间的老太太很尽职，每天放矿泉水，小费只放过1次，电视只有凤凰卫视普通话，其他都粤语或英语，房间是看不到墓园的一面，很干净，酒店的巴士非常好，侍者很尽职，出酒店回酒店都乘酒店巴士，如果去时代广场/会展中心/金钟/，根本不用步行，尝试过一次铜锣湾的A出口确实名副其实，下次还会选择丽都！别忘了从酒店领班车时刻表和香港街道地图！！吃：吃水果捞去许留山不用特意找，很多地方都有！池记在铜锣湾SOGO旁，27元一碗净云吞很好吃，不远处骆克道506号义顺双皮奶20元/碗，太好吃了！时代广场后面霎东街2号何洪记云吞面27元也不错，干炒牛和52元很好吃！时代广场罗素街和波斯富街交叉处的咖喱鱼蛋也很好吃，但是只能马路上吃！中环地铁D2出不远威灵顿街翠花餐厅奶茶鱼蛋很很吃，往前走是沾仔记云吞面也很好吃，香港的食店一般11点以后开门，不用去早喽，除非是早点！矿泉水飞雪很便宜在霎西街口优之良品旁10元/4瓶，700毫升装！庙街小吃很便宜一定晚上去味道也不错！恒香老婆饼就在铜锣湾SOGO地下超市！玩：海洋公园--金钟站出乘629路10.6元15分钟到海洋公园正门，若到后门大树湾原地别下车，车行5分钟即到，9：30售票，前门景点在施工有点狼藉，建议后门入，前门出，不错地方有小鸟天堂/海豚表演/海洋馆/云母万花筒/乘缆车下山到前门还有七彩气球升空！门票在公园入口买208元，机场买179元。太平山顶--如果住丽都出门左行1分钟就是15路车站，9.8元30分钟到山顶，蜡像馆票价140元，观景台20元。购物：建议东荟城，很便宜，新秀丽的包北京长安商场1500元，东荟城900元，NIKE200-400元/双。波鞋街NIKE普遍400-600元。行：有八达通就OK!特别提醒：摄像机也要带；带够电池充电器和SD卡香港的美景太多了；临行前尽可能熟悉地图，至少港岛和九龙一带；根据需要买万众卡，打国内拨0018610-!其他：语言上英语比粤语好使，多说EXCUSEME!补充点评2008年8月6日：临去香港前，从网上特别是携程网上，得到过很多人的帮助，所以也想写下自己的经历，帮助更多的人	1
住了一次民国楼，说实话感觉很一般。服务可以说算差的。早餐单早，另一份居然要45，9：30早餐就结束了，9：15去居然也收45，而且没有吃两口宾馆就开始收东西了，398的房价，45的早餐啊，说时候，198的房间，免费的早餐也不会出现这样的服务。民国楼的大床房不能住，房间也特小，下次不会再选择。	0
装修比较老。床不是很舒服，有点硬。楼下的茶餐厅18快自助还不错。服务还可以。宾馆反馈2008年4月11日：首先感谢您的光临，对于您提出的问题我们会酌情处理并进行整改，希望您下次来时能有更好的感觉。另外非常感谢您对我们酒店咖啡厅的推荐，以及对我们服务的肯定，我们会继续努力的。	1
这个酒店基本就是低价海南旅游团住的那种招待所吧，周围极度荒凉。距离三塔很近，但是在后/侧墙外，距离大门口还有一段距离大约五、六百米。房间不小但是还是用普通球锁＋自己拿钥匙，很久没见过号称四星级但是这样子的招待所了，出门一定要按下屋那的那边，否则你就会彻底大开门一整天了。另外，号称四星，但是结帐时候竟然不能提供消费详单（水单），而且从老总到客务部经理到前台服务员都坚决没听说过住宿酒店给开了发票还要提供水单的。服务业提议拿别的酒店的水单来看看，是否能帮忙打印一下，但是客务部经理说“我们有电脑也有打印机，但是绝对不能给你用来打印！”问道这是代表个人还是酒店时候，答案是代表酒店。――导致我随手摔上了电话――手柄裂开了！至于物品损坏的赔偿，也是随口报价，注：一个普通的市话话机“原价”200大元，而且另外出去买一个座位赔偿是不被允许的！更可笑的是你如果表示罚多了，马上以态度不好而数额加倍，并且“四百块钱少一分钱也别想离开”（一把手,老板的原话）。只好争取好态度，交钱也不要发票来争取到“原价”赔付。早饭有时候是自助，虽然东西不怎么样，但是十来种东西呢，吃饱没问题，但是住客少了就成了份儿饭了（号称桌餐），品种也只有两三样了。承诺和古城内的班车也没准儿，虽然因为是淡季，按照要求原先电话提前一小时联系了，但是还是在原地打了4次催促的电话，等了30分钟车才到（实际酒店到古城距离2km左右）。除了旅行社的低价团，建议大家就还是在古城内众多的酒店住下吧，价格一般是这里的一半，还可以方便地夜游古城。对了，你们谁见过房间不能上网的四星级标间吗？古城里面遍地是WLAN信号，我上网都是背着电脑去古城的。在携程网上投诉后，携程表示考虑下年是否还与这样的酒店签约了，还奖励500分。可惜时间、现金、心情的损失无法弥补。	0
地理位置越来越显示优越性了，靠近浦东的2个展会地点:东方明珠或者国际会展中心。所以商住客很多。大堂也堂皇，但是房间就显得很小，行政楼层也不例外，另外居然发现淋浴的水也不太大。还有就是楼下停车比较不方便。	1
先定的普通标间，感觉比较差，连三星都不如，就换到豪华标间，是不同的楼栋，环境要好很多，酒店给人整体感觉很平庸，没有啥特点。	1
性价比较高，我住了一晚之后从乐山回来又续订了两晚，比较满意。	1
在宽带和早餐服务方面略有不快，好在大堂经理和餐厅领班及时出面解决了问题。我住的是豪华大床房，房间宽敞、布局合理，很不错。总的来说很满意。	1
最实惠的635的套房优惠政策竟然对CTRIP不适用了，这令人很不解。直接打电话给它，它会有638元的优惠套房，很多优惠政策的。	1
总体来说还可,主要是正好去办事情，方便.以后基本还是住这	1
对于我来说，12月10日是我最难熬的一天。一个四星级的酒店在温度只有13度的夜晚竟然不开空调，而且还是酒店的规定（内部文件规定），真是闻所未闻。我不知道是因为没有客人所以不开空调，还是因为不开空调就没有了客人，希望酒店多多反省。我只想建议携程尽快将该酒店的协议废除，以免其他客人受苦，影响携程的信誉。冻了一夜的白金贵宾	0
酒店设施和汉庭差不多，但电视不是液晶的（住别的是），酒店旁边比较荒凉，推荐住陕西路附近那几家。但我入住那天的服务员的素质太差，会员卡都办不明白。应加强对他们的基本素质培训。补充点评2008年5月7日：携程的价格实在没有竞争力，可以考虑入汉庭会	0
以前在南通、无锡住过很多次格林豪泰，感觉还不错，这次来马鞍山就住在这里。不过床上有虫子，不知道是虱子还是跳蚤，住了2天，全身上下被咬了17个疙瘩，感觉很不爽，都痒了5天了，还没好	0
前几次入住此酒店的舒适感觉使我认为再去香港住这是必然的选择，现在看来现实真是太残酷了！！！-中午到达酒店办理入住手续时开始出问题：找不到入住的人名；好不容易找着了人名房型又不对，酒店前台服务员板着脸说是携程跟他们定房间时没有说明，不能调换房间，经过来来回回两个多小时的三方交涉，酒店给了我们一张免费的加床并说第二天给调换房间，后来就没人搭理我们了，结果是我们住了四天的加床，直到第五天时我们换了一家公司定房，酒店才给调了我们需要的房间，终于结束了这几天的加床之旅。酒店前台服务员态度生硬，房间的超迷你和以前住在这时有着鲜明的反差，这使我感受到了美好的东西也不是一成不变的，多一些其他的选择是应变的最好办法。	0
去开展会，住住还行。距离会展中心不是很远，交通也比较方便	1
1.酒店走廊,房间有异味,走廊比较明显2.四星酒店很多没有宽带,有宽带的又需要adsl拨号,对于有些商务人士难以解决问题3.酒店位置相对来说,有点偏离市中心,与介绍不符补充点评2008年4月29日：PS:此酒店的各种房间应该来说,我都体验了，号称只有2间的不知道啥名字的房间也不如新的3星酒店！	0
老四星，设备陈旧，不如一般的三星。要的大床房也成了标间。免费注册网站导航宾馆索引服务说明关于携程诚聘英才代理合作广告业务联系我们Copyright1999-2008,ctrip.com.allrightsreserved.	0
酒店地理位置不错，就在西溪湿地，酒店好比置身花园中，这个很好！但房间显得有些局促，太小了！尤其这次住的是底楼标准间，感觉厕所有强烈的异味，要将门紧闭，窗户打开才不觉得难受,这个提醒酒店要注意改进！宾馆反馈2008年5月13日：感谢您下榻西溪度假酒店。对于您在入住期间遇到的状况，给您带来不变，酒店深感抱歉。针对您提到的问题，我们已邀请专业人士进行了管道整改，该问题已解决。我们真诚期待您的再次光临。	1
1、虽然离鲁迅故里近，但故里的商贩晚上并不营业，整个故里晚上也没有灯光；咸亨酒店只提供套餐，三人套餐360多元，绍兴的水乡风光已不复存在，故住在此处的意义值得重新权衡。2、不能叫三轮车夫帮你找酒店，据三轮车夫说，帮顾客拉到客栈，客栈给车夫回扣20元。3、客栈无法提供24小时热水。4、房间不干净，设施陈旧且摆放的电脑形同虚设，根本不能用。5、门、窗均关不紧，属老宅，但与大理、丽江的民宅改造的酒店截然不同，胆小的要慎重考虑，免得睡不踏实。6、客栈承诺的24小时免费接送站服务是：接：需到火车站或客运中心后再与客栈联系，并要计划好等待时间；送：早晨8：00后才行，要赶火车、汽车的需提前与客栈预约；早餐需到7：30才提供。	0
在携程我订的是标准房，房间比较小，经行李员的提醒马上就加价换成了豪华房。豪华房的房间就比较大，卫生间也很大。早餐不是很丰富，地点比较好，离葡金和永利都很近，酒店3楼也是赌场，娱乐一下也很方便。	1
我们于11月初入住该酒店450元/天房间。感觉还行。就是客房把一次性睡衣和不收费睡衣放在一起，外包装一样。一次性睡衣收费98元，只要开封即视为使用。问题在于2种睡衣放在一起，且没有明显标示。而且该酒店没有窗户，室内光线也不好，如果没有把2个睡衣拿起来仔细分辨很容易就随便拿一个算了，把一次性睡衣撕开包装口。作为服务行业的酒店是不是该提供鲜明的收费标识说明，以免客户发生错误？	0
价格实惠，基本还可以宾馆反馈2008年4月17日：希望下次再入住本酒店。	1
大堂很大气，服务也不错，早餐业还ok，在大同这样的城市算性价比不错的酒店了，下次还会入住，送的瓶装水，有一瓶感觉被人打开过，盖子下面那圈连着盖子一起被拧开了，是不是上一个客人发现这种情况，没喝，所以服务员只换了一瓶水。	1
位置太偏，再一个很深的胡同里，很难找到。而且，结帐时电脑出故障，前台漫不经心的说让明天再来开，或给寄去。如果外地人明天再来吗？如果是老外你们也给寄到国外去吗？	0
酒店的环境还挺好的，服务还可以。有机会还住那……	1
2月2日，我在这里住了一晚。由于有事情需要处理，我到下午4点才退房。根据酒店前台告示牌的说明：12点后退房的，每超过一小时需收费20元，最多收取50%房费（下午6点前退的）。这样，我应该另外再付80元。当付款时，服务人员（经理也在）则坚持要收我半天的房费（全天是178元）。我就根据他们告示写的据理力争，后来，他们表面认可我的观点。然后让我刷卡结帐，由于他的终端机器上没有显示具体金额的数字，我输入了密码，确认了。结果等打印出来的签单一看，数字是89元，而非80元。我拒绝在签单上签字。（后来问招商银行，银行说只要打印出来就有效，不管签字与否！我就奇怪，那签单上的签字有什么用？）服务人员包括那个经理，见他们小把戏得逞，在一边暗自高兴。我觉得很气愤，为这样没有信誉的员工，以及他们的落后意识。也不想想，因为自己的不道德，导致消费者对他们公司也产生不信任，这种后果是区区9元钱能比较的吗？后来我投诉到总店，过了一小时左右接到这个店经理的电话。基本意思是，有两种方案，1、我去店里拿下9元钱（而我这时候已经在武昌候车厅等待上车了！）2、下次还住这家店，给我补，并且按照比写成优惠很多的价格和我结算。我心想，真是无聊的很。我去拿？可能吗？我叫出租来回还要40多呢，且不说我时间。下次住？可能吗？别说你这个店，整个扬子江我都不会选择了。这种小聪明，欺骗消费者，最终决定了扬子江将是一家没有什么前景的企业。大家在入住前也仔细考虑下，别因为自己良好的愿望而向我一样遭遇到没必要的烦恼。	0
如果用一句话来点评：服务远远好过硬件。这次入住了行政湖景房和豪华商务房，感受比较多，就多说几句。入住当天虽然没有如约拿到双床房（可能入住人太多，说是还没有打扫好），但是前台安排了最高层的湖景房，补偿了一下。很少见的是每间房只提供单早，每次都要签单，稍微有点麻烦。不过早餐45一份，内容也挺丰富，还有小笼蒸的糕点，很喜欢。在酒店中餐厅消费可以打85折，价格很适中，即使人少也能提供包间，还不设最低消费，不错。离西湖确实比较近，慢慢散步十五分钟左右绝对可以达到。在湖景房或者17楼湖景餐厅还可以看到西湖喷泉、白堤，很享受。门童非常积极主动，除了热情招呼，还会主动询问是否需要拦出租车，知道我们要去机场，还告诉我们等车的位置以及可以在酒店大堂购买机场大巴的车票。客房服务很及时，需要什么东西都会尽快送到，打扫卫生迅速到令人吃惊，我们才一顿早餐的工夫，回来屋子已经收拾整齐。前台工作人员让我印象最深刻的是一名叫欣怡的姑娘，耐心、亲切，在我提出要定多一间房，想看看房后，她很快处理完自己手中的事陪我们前往，提供了很多有帮助的信息说到房间，这确实是唯一令我觉得与这间酒店很不太相称的地方。虽然我很欣赏客房设施的全面，免费提供的水果和饮料，卫生间里既有浴缸又有淋浴房的多种选择。但是，不得不说，设施实在是“太”陈旧了，旧的衣柜的门开闭都有吱吱嘎嘎的声响，还要往上提一提才能关严实。旧的马桶里的水阀的链子都是断的用绳子修补好的，结果还是一个劲儿的断，在我们自己维修过两次后，不得已求助客房服务，他们立刻通知工程部的维修人员，很快换上了新的带铁链的，接着即刻又有客房服务人员打扫干净，衔接的那么好，服务总是无可挑剔。中途加定的豪华客房据说是按照五星级标准装修的，不过装修的品位着实不怎么样，所以也不显得新到哪里去。（而且后来通过携程预定到的房比之前我们去看的房小了不少，也没有之前看到的组合沙发一块儿，不知道是不是因为通过携程预定会比直接在酒店预定少那么二三十块钱就缩水的缘故，想不明白，同是5-7层的豪华房，怎么大小，设备还有区别呢？）建议向皇冠假日酒店或者新开元酒店的设计风格学习学习。如果酒店能够重新装修一下，我想即使价格再高一点，我还是会选择马可波罗。宾馆反馈2008年8月9日：非常感谢您我们酒店中肯的点评。您加订的是商务豪华双床房，而您参观的是商务豪华大床房。由于房间格局的不同，商务豪华双床房内由带琴凳的单人沙发代替了组合沙发。同时我们酒店也在逐步对老楼层的设施设备做进一步的改进。您的建议对我们很重要，再次表示感谢！衷心期待您的再次光临！	1
环境还不错,在西街头上,又有相当的一段距离与吵闹的西街隔离,非常安静.但是:1.不能上网,与四星水准不符;2.同去旅伴抱怨房内有霉味	1
性价比极高，服务好！来这酒店之前，我刚在温州一家380.00/晚的酒店住过，比这差多了，尤其服务不及这家。强烈推荐！	1
赚了。我去的路上的士司机就讲这个酒店好。我去的时候房间已满，给我免费升级。并且每天房间都是满房，我就一直占了一周的免费升级便宜。迎宾们也要赞一下的。因为我住的房间是免费升过级的，只能说值，不敢乱说超值。	1
环境还是不错的,但是洗手间实在是太小了,而且也没有送雪碧或可乐,本来说通过携程订房是有送的,不知为什么没有送,早餐一般,68元不值这个价宾馆反馈2008年8月6日：感谢您选择并入住苏州人家,您提的宝贵意见,酒店管理层会及时采纳,并对工作中的遗漏事项加以分析整改,同时我们也期盼您的下次光临!	1
在金桥开发区/碧云小区附近,走外环去浦东机场很方便.携程的价格很高,房间有点小,早餐很一般.	1
2月10日刚刚住了,先定的2号楼的房间,进去一看吓了一跳!""号称挂牌四星,简直不敢想,就连招待所都不如!天花板的三角板吊顶是用胶带纸粘住的!赶紧加假换房,住了一号楼,还看的过去,大概相当于二星级!还有一点不满的是,房间里的毛巾特别破旧,跟招待所的毛巾有的一比!总之,我是不会再住了.	0
第二次住了四天,没有第一次的感觉好,第一个晚上进房间被单居然是脏的,然后浴袍是坏的,台灯也不是很好,总体一般.补充点评2008年7月23日：看到下面酒店回复说有免费的水果提供,可是住了一共五个晚上,因为投诉送了两个苹果两个橙之外没有欢迎果盆啊?我付的消费都够买一箱了吧,哈哈...地理位置很不错,正好可以逛恒陇和中信.	1
价格太高，性价比不够好。我觉得今后还是去其他酒店比较好。	0
我住了2009,房间床头左边的睡眠灯开关不管用，右边的只能关，半夜要开灯太不方便了！街上的饭店20:30就关门了，太早了点吧。	1
酒店的服务、设施都非常不错，就是网速非常的慢。离机场很近。各方面都非常的好，安静，温暖。是个非常不错的选择。不过没有尝试酒店的按摩服务，非常后悔，其实酒店的按摩服务很安全，希望尝试了的朋友能在下面的帖子告诉我，谢谢！我很期待再去机场酒店！	1
刚从三亚回来，在寰岛住了一个晚上，房间刚进去因为是阴面的关系，有点霉味。但是相对于亚龙湾其他酒店的价格来说，还是很具有性价比的！宾馆的服务很好，门口的门迎每次见我们都给我们问好，并把行李一直送到房间里面。酒店离海边很近，走路也就是两分钟。旁边就是亚龙湾海底世界的入口，住在这里方便一些觉得亚龙湾吃东西很贵的人，因为酒店门口西临有个员工餐厅，一份饭也就6元，还不错！比起其他地方动辄几百元的餐费还是很划算的！总体来说寰岛是亚龙湾最具有性价比的酒店了！	1
房间很不错晚餐自助餐不咋地，倒是1楼的日式料理味道不错，价格也差不多，2楼中餐厅的菜色很新很好吃早餐就不谈了	1
房间虽然小了点，但是比较整洁，服务质量也ok!	1
当地最好的酒店，房间环境都很好，地理位置稍微欠缺一点，下次还会入住。	1
隔音太差，好像开着窗户一样。吵的没法睡。再出差不敢住这里了房间设施还可以，床上被褥很干净	0
晚上蚊子很多，本人及住在另一间房的朋友都被蚊子咬醒，在房间内找不到驱蚊香。:(	1
老牌的宾馆，虽然挂4星，但不如赵王宾馆，价格竞争力不大。另外：房费不含早餐，非常难以理解！	1
房间很温馨,地段很好,购物方便,停车位也有,如价格再优惠些,更好!下次去还会选择入住	1
隔音效果很差,客人住在九楼,晚上四楼的KTV一直营业到一点,客人反应无法入睡.所以本来预计定三天,后来提前退房,换了酒店	0
1.客房服务态度较好2.早餐还算不错.3.就是房间的灯光,太不满意~~	0
酒店的服务很热情，对于我们的客房要求总能及时回应。地理位置不错，离中山北街很近，吃饭方便。	1
服务一般，房价相对太高，房间不满意，有味还比较脏.......最要命的是服务员没有经过训练，一点没有服务意识，态度恶劣！！！！！！！！	0
强烈不推荐。定的是豪标的房间，等到了前台，居然说我没有预定，折腾了半天，郁闷，出差住酒店没有好的服务态度，真的很不爽，然后上楼，5楼，电梯不知道怎么坏掉了，问服务台怎么办，能不能修修，她冷冷的就一句：爬楼梯！我可是带着一个大行李的啊！房间比较小，干净程度也是一般，和介绍中相差甚远，举个例子，浴巾，都是用得边角都碎了，一丝一丝的，非常恶心，电视遥控也不好用，而且我工作需要上网的，可是承诺带网线的房间，的确是有网线，但是三天里都上不了网，电话到前台，不是说没问题，就是说机器坏了，今天没法修，要等明天。要不是为了已经定下的积分，我早就换掉了，太不爽了。周边酒店不少，劝各位住客入住前三思，还是选择那些名气，星级好些的。补充点评2008年7月1日：送的早饭真的是不能吃，还有房间隔音效果极差极差，上下前后加走廊，声音超烦，严重影响到休息！	0
NND!才迟半个小时退房就收我半天的房费！而且也不提前打电话来通知一下！退房时掉了东西在房里他们也不会帮你找的！房间臭死了！离外滩远得要死打的要３０块！以后也不会住这个烂酒店了！ＭＤ,气！	0
救命呀，遇到黑店了,房间小而且脏呀,服务态度也差(员工都是上海人，没有客人的时候保安,前台服务员都坐在一起聊天),天拉!怎么给推荐这种酒店呀!	0
我住在7楼的单人间，房间较小，而且不是玻璃隔断的浴室，设施还可以。酒店离车站很近，打车6块，在市中心，服务还可以，早餐可以接受，就是西餐的品种较少，以后去徐州还会考虑入住。	1
428的房间连窗户都没有，房间隔音效果太差，晚上老听见隔壁的说话声和隔壁洗手间的冲水声。下次不会再住了.	0
被单太旧了，盖得有点难受，应该尽快换新的。吃饭的地方应该有点特色，不知道吃什么好	1
房间很好，设施也很新，总的来说还是很满意的。周围的很方便，楼下隔壁都有商场。	1
初次入住京华大酒店感觉大堂非常的靓丽，房间够大非常整洁。东芝液晶电视，HBO。酒店三楼中餐厅的扬州狮子头爽嫩滑口。酒店出门就是商业中心，步行至瘦西湖也就10多分钟。	1
行政房确实不错，服务好，房间也舒服这个价位真	1
哈哈，名副其实，这是我住过的最阔气的酒店，进了大厅2分钟没有找到前台。建议入口处多安排几名迎宾，重要的要保证每时每刻都有迎宾指路，我到的时候刚好没有，呵呵。	1
设施陈旧，饭店各区域之间的交通混乱，早餐品种少、品质差，优胜之处是周边的交通方便。	0
就住了两天，第一天晚上就发现了一只大小强。第二天下午回来让服务员喷了药，早上起来发现了一只殉职的小小强。早餐没有牛奶，勉强可以吃几片廉价的面包，喝点豆浆，冲的果珍，白粥。别的反正我都不感兴趣。房间临街，晚上剧吵，幸好俺睡得比较死。	0
硬件还算过得去。就是服务水准太差了。前台服务员好像都是煞笔，一个个装傻充愣，一问三不知！！另外，日式标间里根本没有宽带接入，与他们网站上宣传的不符。如果用电话线接入，还要另收费！！为此与前台交涉，服务员和领班态度蛮横，出言不逊！！根本不懂什么叫服务业！！我看这样的服务迟早要让这个度假村关了张！！！	0
1:信用卡的机子建议更换,其他地方都可以使用,到了那里就失效了...2:由于很晚到达酒店,被安排在了一楼。卫生间的淋浴头与管子脱列,等进去洗澡才发现,修理速度极慢,后又被调戏了一把(同意更换房间,等到达前台,又说从其他房间拆个淋浴头下来,还是回到了最初的房间,真是够累的)3:浴室的排水问题还是没有解决,真的是水漫金山寺了4:虽然写的是大床,实际床不是很大,一般...	0
刚从丽江回来，在这个酒店住了三个晚上。总的来说，是个很不错的酒店，如果还有机会到丽江，我想我还会选择入住这个酒店。酒店有免费的接机服务，可惜我们一行八人是从香格里拉乘坐巴士到的丽江，没有享受到接机服务，但是酒店还是很热情地派服务生到我们下车的地方，把我们接进了酒店。酒店的房间不错，洗手间也很干净宽敞，还有免费赠送的水果和牛奶，很是贴心。不得不提的一点是，酒店的房间里还提供了一本《丽江的柔软时光》，供游客免费阅读，后来听同伴说，有的房间里还备有《圣经》，呵呵，我常出差在外，住的酒店数不胜数，有提供《圣经》的酒店还是头一回遇到，酒店确实比较贴心，只可惜我是信奉佛教的，如果能提供一些其他宗教的书籍，那就更好啦。。酒店的院子也是本人比较喜欢的地方，我和同伴在院子里拍了好多照片，很是漂亮的一个大院子，适合你在任何时候，坐在那里慵懒地发呆。。还有一点很好，就是酒店的早餐，从早上的6：30开放到下午的13：30，还可以在酒店露天的位置上晒着太阳懒懒的享受美食，很是意。。。唯一不好的一点是，茶室的收费问题，有天晚上，我们想在院子里泡茶聊天，于是想找酒店的茶艺居借用一套茶具（我们是福建的游客，随身都带着比较上等的铁观音），但是，酒店却告之，借用茶具是可以，我们可以自己提供茶叶，但是必须由她们来泡，而且，每泡一泡茶，要收取60元的手工费！！我们差点晕菜！要是我们一时茶兴大起，泡个9泡10泡的，这手工费都够住两晚酒店了！！希望酒店能稍微改进一下啊。。。除了这个，酒店给我的印象还是很不错的。。	1
酒店大堂比较气派，房间风景也不错，服务也不错。但因为临近中秋节，几乎连行李生都会说“要不要买月饼呀，如果买，一定要找我呀”，我们几出几进，每次基本上都会是这样的问候语，实在有些怪。再就是在酒店打车很不方便，因为在半岛，如果没有人打车进来，就没法叫车去出，特别是下午五六点的时候。	1
碰上酒店做活动，加了40元给升级到行政房。房间还不错，比较新。服务员是实习生，不熟练但态度认真。前台态度也不错。不过房间有些状况。到半夜无奈要求换房，后来也同意了。总体感觉还是不错的。酒店地理位置也不错，如果价格再便宜些就完美了。	1
楼下说的都对，实在是不值得住呀！位置很偏僻，晚上想吃个饭，还要打车出去。价格太高，移动的贵宾卡的折扣远比携程优惠。房间比较大，结果晚上很冷，服务员主动说送一床被子过来，可惜两天都没有送过来！洗澡间如楼下说的，插座在里面，非常危险，是不是要等出了事后才改造呀？早餐在前面的投资大厦一楼的咖啡厅吃，不方便，并且，早餐看似品种很多，只是看来看去，实在没有什么可以吃的。宽带倒是免费的，不过晚上有小姐电话骚扰、	0
房间很新，入住的是行政房，窗外望出去就是玄武湖。窗台上的大理石颜色和我家的一样，给我一种很温馨的感觉。唯一搞不懂的是卫生间的橱和房间的衣橱是同一个，可以互通。交通方便，从火车站上地铁到鼓楼站下，步行5-8分钟便可到。总体感觉不错。	1
装修的味道太重，商务标准间的房间太小。旺季的原因吧，我结帐的时候听到当天的房价又提价了，坐地起价，没办法。	0